[
    {
      "adult": false,
      "backdrop_path": "/cjaOSjsjV6cl3uXdJqimktT880L.jpg",
      "genre_ids": [
        10751,
        14,
        16,
        35
      ],
      "id": 529203,
      "original_language": "en",
      "original_title": "The Croods: A New Age",
      "overview": "Searching for a safer habitat, the prehistoric Crood family discovers an idyllic, walled-in paradise that meets all of its needs. Unfortunately, they must also learn to live with the Bettermans -- a family that's a couple of steps above the Croods on the evolutionary ladder. As tensions between the new neighbors start to rise, a new threat soon propels both clans on an epic adventure that forces them to embrace their differences, draw strength from one another, and survive together.",
      "popularity": 686.593,
      "poster_path": "/tbVZ3Sq88dZaCANlUcewQuHQOaE.jpg",
      "release_date": "2020-11-25",
      "title": "The Croods: A New Age",
      "video": false,
      "vote_average": 7.5,
      "vote_count": 1948
    },
    {
      "adult": false,
      "backdrop_path": "/2VnghbG2qWChcE6CdZBMDtDQKCF.jpg",
      "genre_ids": [
        18,
        10751,
        10402,
        10749
      ],
      "id": 699102,
      "original_language": "en",
      "original_title": "A Week Away",
      "overview": "Troubled teen Will Hawkins has a run-in with the law that puts him at an important crossroad: go to juvenile detention or attend a Christian summer camp. At first a fish-out-of-water, Will opens his heart, discovers love with a camp regular, and sense of belonging in the last place he expected to find it.",
      "popularity": 208.28,
      "poster_path": "/htTS07IvYv3rv57ftzNEprefwSq.jpg",
      "release_date": "2021-03-26",
      "title": "A Week Away",
      "video": false,
      "vote_average": 7.1,
      "vote_count": 143
    },
    {
      "adult": false,
      "backdrop_path": "/DA7gzvlBoxMNL0XmGgTZOyv67P.jpg",
      "genre_ids": [
        16,
        10751,
        35,
        14
      ],
      "id": 741074,
      "original_language": "en",
      "original_title": "Once Upon a Snowman",
      "overview": "The previously untold origins of Olaf, the innocent and insightful, summer-loving snowman are revealed as we follow Olaf’s first steps as he comes to life and searches for his identity in the snowy mountains outside Arendelle.",
      "popularity": 196.553,
      "poster_path": "/hddzYJtfYYeMDOQVcH58n8m1W3A.jpg",
      "release_date": "2020-10-23",
      "title": "Once Upon a Snowman",
      "video": false,
      "vote_average": 6.8,
      "vote_count": 332
    },
    {
      "adult": false,
      "backdrop_path": "/dqaobSdoRTEA3rRDhiWnrtNd7fB.jpg",
      "genre_ids": [
        27
      ],
      "id": 758510,
      "original_language": "pt",
      "original_title": "A Gruta",
      "overview": "The only one survivor of a mysterious murderer that killed his wife, friends and the tourism guide who leaded them through a interdicted grotto, a boy become the only suspect to make the crime. He, however, claim for his innocence saying that your wife killed those people as she was possessed by an evil force. Refusing to talk to police officers who are in charge for the crime investigation, he asks for help to a nun.",
      "popularity": 63.78,
      "poster_path": "/nBdoS8tjWubpEyQnqmM6tpZR3GU.jpg",
      "release_date": "2020-10-29",
      "title": "A Gruta",
      "video": false,
      "vote_average": 6.3,
      "vote_count": 54
    },
    {
      "adult": false,
      "backdrop_path": "/88J6waYVTta8Qz3iX3qUeWNA5d5.jpg",
      "genre_ids": [
        18,
        10749
      ],
      "id": 447362,
      "original_language": "en",
      "original_title": "Life in a Year",
      "overview": "A 17 year old finds out that his girlfriend is dying, so he sets out to give her an entire life, in the last year she has left.",
      "popularity": 163.194,
      "poster_path": "/xNcjlHPRNoqbpaYis0Y3zX4Hq0x.jpg",
      "release_date": "2020-11-27",
      "title": "Life in a Year",
      "video": false,
      "vote_average": 8.4,
      "vote_count": 492
    },
    {
      "adult": false,
      "backdrop_path": "/elemnKqKpgVDtbemB8irTpXBKRW.jpg",
      "genre_ids": [
        27
      ],
      "id": 636879,
      "original_language": "en",
      "original_title": "A Nun's Curse",
      "overview": "A group of travelers are forced to seek shelter inside an abandoned jail where a notorious nun named Sister Monday had once been assigned and was suspected of murdering prisoners.",
      "popularity": 67.441,
      "poster_path": "/r2QyrroXgmZu3EfNoIokE4TKuui.jpg",
      "release_date": "2020-05-12",
      "title": "A Nun's Curse",
      "video": false,
      "vote_average": 5.8,
      "vote_count": 38
    },
    {
      "adult": false,
      "backdrop_path": "/vX5JtEcumMQvMCLVcIqfetc7hdg.jpg",
      "genre_ids": [
        35,
        80,
        53
      ],
      "id": 601666,
      "original_language": "en",
      "original_title": "I Care a Lot",
      "overview": "A court-appointed legal guardian defrauds her older clients and traps them under her care. But her latest mark comes with some unexpected baggage.",
      "popularity": 144.996,
      "poster_path": "/gKnhEsjNefpKnUdAkn7INzIFLSu.jpg",
      "release_date": "2021-02-19",
      "title": "I Care a Lot",
      "video": false,
      "vote_average": 6.7,
      "vote_count": 1211
    },
    {
      "adult": false,
      "backdrop_path": "/l1nYo0yzKjf84atnBDbx0do16vQ.jpg",
      "genre_ids": [
        878,
        28,
        12,
        10751
      ],
      "id": 438590,
      "original_language": "en",
      "original_title": "A-X-L",
      "overview": "The life of a teenage boy is forever altered by a chance encounter with cutting edge military technology.",
      "popularity": 66.824,
      "poster_path": "/9kB56ZdMB6RgY5QtX9Bar45jCeI.jpg",
      "release_date": "2018-08-23",
      "title": "A-X-L",
      "video": false,
      "vote_average": 6.2,
      "vote_count": 851
    },
    {
      "adult": false,
      "backdrop_path": "/2ddVTlMyATZdvUHE7DPExA2X6xF.jpg",
      "genre_ids": [
        35,
        18,
        10751,
        14,
        12
      ],
      "id": 381289,
      "original_language": "en",
      "original_title": "A Dog's Purpose",
      "overview": "A dog goes on quest to discover his purpose in life over the course of several lifetimes with multiple owners.",
      "popularity": 58.723,
      "poster_path": "/3jcNvhtVQe5Neoffdic39fRactM.jpg",
      "release_date": "2017-01-19",
      "title": "A Dog's Purpose",
      "video": false,
      "vote_average": 7.6,
      "vote_count": 2420
    },
    {
      "adult": false,
      "backdrop_path": "/fcjOngTcwB2DurqKP2vwMs6qsTl.jpg",
      "genre_ids": [
        28,
        53,
        18
      ],
      "id": 500922,
      "original_language": "en",
      "original_title": "A Score to Settle",
      "overview": "A former mob enforcer who is released from prison after serving 22 years for a crime he didn't commit sets out on a path for revenge against the people who wronged him.",
      "popularity": 97.271,
      "poster_path": "/4PBwZGBP6ziKuOgHRpbVRyGoqy3.jpg",
      "release_date": "2019-08-01",
      "title": "A Score to Settle",
      "video": false,
      "vote_average": 6.3,
      "vote_count": 318
    },
    {
      "adult": false,
      "backdrop_path": "/roYyPiQDQKmIKUEhO912693tSja.jpg",
      "genre_ids": [
        27,
        18,
        878
      ],
      "id": 447332,
      "original_language": "en",
      "original_title": "A Quiet Place",
      "overview": "A family is forced to live in silence while hiding from creatures that hunt by sound.",
      "popularity": 63.004,
      "poster_path": "/nAU74GmpUk7t5iklEp3bufwDq4n.jpg",
      "release_date": "2018-04-03",
      "title": "A Quiet Place",
      "video": false,
      "vote_average": 7.4,
      "vote_count": 9522
    },
    {
      "adult": false,
      "backdrop_path": "/hwwFyowfcbLRVmRBOkvnABBNIOs.jpg",
      "genre_ids": [
        12,
        16,
        35,
        10751
      ],
      "id": 9487,
      "original_language": "en",
      "original_title": "A Bug's Life",
      "overview": "On behalf of \"oppressed bugs everywhere,\" an inventive ant named Flik hires a troupe of warrior bugs to defend his bustling colony from a horde of freeloading grasshoppers led by the evil-minded Hopper.",
      "popularity": 41.671,
      "poster_path": "/Ah3J9OJVc2CNCuH2zMydXy9fmIC.jpg",
      "release_date": "1998-11-25",
      "title": "A Bug's Life",
      "video": false,
      "vote_average": 6.9,
      "vote_count": 6887
    },
    {
      "adult": false,
      "backdrop_path": "/2ZFZavJ8EMy6m0vtaHla4iamwqk.jpg",
      "genre_ids": [
        16,
        12,
        10751
      ],
      "id": 774810,
      "original_language": "en",
      "original_title": "A Trash Truck Christmas",
      "overview": "When Santa crash-lands in the junkyard on Christmas Eve, Hank, Trash Truck and their animal friends all have a hand in rescuing the holiday for everyone.",
      "popularity": 94.64,
      "poster_path": "/2kWVSZfK9gbbNQD93Qwi8VvYjlB.jpg",
      "release_date": "2020-12-11",
      "title": "A Trash Truck Christmas",
      "video": false,
      "vote_average": 6.4,
      "vote_count": 45
    },
    {
      "adult": false,
      "backdrop_path": "/wMv7GL12s0bJmfv3ckdglOCQ8B3.jpg",
      "genre_ids": [
        35
      ],
      "id": 526019,
      "original_language": "en",
      "original_title": "Like a Boss",
      "overview": "Two female friends with very different ideals decide to start a beauty company together. One is more practical, while the other wants to earn her fortune and live a lavish lifestyle.",
      "popularity": 60.477,
      "poster_path": "/yce0CZPWd0GGudksRJi8p4gDj1M.jpg",
      "release_date": "2020-01-09",
      "title": "Like a Boss",
      "video": false,
      "vote_average": 6.5,
      "vote_count": 472
    },
    {
      "adult": false,
      "backdrop_path": "/a34Q2xknjRKhcG9ZMDa7FjkP05H.jpg",
      "genre_ids": [
        10752,
        18
      ],
      "id": 475132,
      "original_language": "en",
      "original_title": "A Private War",
      "overview": "One of the most celebrated war correspondents of our time, Marie Colvin is an utterly fearless and rebellious spirit, driven to the frontlines of conflicts across the globe to give voice to the voiceless.",
      "popularity": 51.813,
      "poster_path": "/pAh6uDR9bBznybiJCVYZNJmjg63.jpg",
      "release_date": "2018-11-16",
      "title": "A Private War",
      "video": false,
      "vote_average": 6.8,
      "vote_count": 334
    },
    {
      "adult": false,
      "backdrop_path": "/52bVQBX0szmltMe5pfcmpqYk1KX.jpg",
      "genre_ids": [
        10751,
        12,
        18
      ],
      "id": 522518,
      "original_language": "en",
      "original_title": "A Dog's Journey",
      "overview": "A dog finds the meaning of his own existence through the lives of the humans he meets.",
      "popularity": 34.979,
      "poster_path": "/wquJChp0NpoqthYdE3YjXNNxvVC.jpg",
      "release_date": "2019-05-03",
      "title": "A Dog's Journey",
      "video": false,
      "vote_average": 8.1,
      "vote_count": 894
    },
    {
      "adult": false,
      "backdrop_path": "/z2UtGA1WggESspi6KOXeo66lvLx.jpg",
      "genre_ids": [
        18,
        878,
        53
      ],
      "id": 520763,
      "original_language": "en",
      "original_title": "A Quiet Place Part II",
      "overview": "Following the events at home, the Abbott family now face the terrors of the outside world. Forced to venture into the unknown, they realize that the creatures that hunt by sound are not the only threats that lurk beyond the sand path.",
      "popularity": 109.629,
      "poster_path": "/4q2hz2m8hubgvijz8Ez0T2Os2Yv.jpg",
      "release_date": "2021-05-27",
      "title": "A Quiet Place Part II",
      "video": false,
      "vote_average": 0,
      "vote_count": 0
    },
    {
      "adult": false,
      "backdrop_path": "/qEo36RiT8w4hMFlf9KohOSuX3HZ.jpg",
      "genre_ids": [
        10751,
        35,
        18
      ],
      "id": 513584,
      "original_language": "en",
      "original_title": "Think Like a Dog",
      "overview": "A 12-year-old tech prodigy, whose science experiment goes awry, forges a telepathic connection with his best friend, Henry-his dog! The duo join forces and use their unique perspectives on life to comically overcome complications of family and school.",
      "popularity": 67.227,
      "poster_path": "/cDbOrc2RtIA37nLm0CzVpFLrdaG.jpg",
      "release_date": "2020-08-06",
      "title": "Think Like a Dog",
      "video": false,
      "vote_average": 6.7,
      "vote_count": 81
    },
    {
      "adult": false,
      "backdrop_path": "/akKBMXHEesqfuoYFt7LaRptFAO0.jpg",
      "genre_ids": [
        35,
        27
      ],
      "id": 139038,
      "original_language": "en",
      "original_title": "A Haunted House",
      "overview": "Malcolm and Kisha move into their dream home, but soon learn a demon also resides there. When Kisha becomes possessed, Malcolm - determined to keep his sex life on track - turns to a priest, a psychic, and a team of ghost-busters for help in this spoof of all the \"found-footage/documentary style\" films released in recent years.",
      "popularity": 42.026,
      "poster_path": "/skQt53YE2iyOftXj5afJkHmYxLW.jpg",
      "release_date": "2013-01-11",
      "title": "A Haunted House",
      "video": false,
      "vote_average": 5.7,
      "vote_count": 1245
    },
    {
      "adult": false,
      "backdrop_path": "/naijdFJuz74E2A8mtruzRUIcK95.jpg",
      "genre_ids": [
        35,
        10751,
        12,
        14,
        878,
        16
      ],
      "id": 379686,
      "original_language": "en",
      "original_title": "Space Jam: A New Legacy",
      "overview": "With the help of Bugs Bunny and the Looney Tunes, NBA superstar LeBron James must rescue his missing son by navigating through films in the Warner Bros. catalogue as they challenge against the villainous Al-G's plot to win a basketball game against his team of mates, which will be seen by the entire world.",
      "popularity": 93.91,
      "poster_path": "/pIoaTjWWNWmBQz0hJJERKqDHFbX.jpg",
      "release_date": "2021-07-14",
      "title": "Space Jam: A New Legacy",
      "video": false,
      "vote_average": 0,
      "vote_count": 0
    }
  ]
